{
  "config": {
    "step": {
      "user": {
        "title": "Set up Mygren Heat Pump",
        "description": "Enter the connection details for your Mygren heat pump.",
        "data": {
          "host": "Host",
          "username": "Username",
          "password": "Password"
        }
      }
    },
    "error": {
      "cannot_connect": "Failed to connect",
      "invalid_auth": "Invalid authentication",
      "unknown": "Unexpected error"
    },
    "abort": {
      "already_configured": "Device is already configured"
    }
  }
}
